Date,Open,High,Low,Close,Volume BTC
2019-06-25,11023.9,11800.0,11007.5,11765.1,11623.88144358
2019-06-26,11765.1,13875.7,11540.1,12933.7,25637.82859518
2019-06-27,12933.2,13360.9,10300.0,11148.0,25035.66966057
2019-06-28,11161.9,12450.0,10723.3,12360.0,13815.53621372
2019-06-29,12370.0,12436.2,11172.6,11865.1,10990.60288378
2019-06-30,11865.1,12200.0,10650.0,10752.3,10959.68537569
2019-07-01,10749.4,11239.0,9900.0,10575.9,14633.39438537
2019-07-02,10578.7,10947.3,9666.0,10837.3,15317.90208157
2019-07-03,10837.2,12037.0,10807.3,11979.8,16123.60034549
2019-07-04,11984.7,12064.4,10601.0,11148.3,7856.19947708
2019-07-05,11145.0,11482.9,10736.0,11006.0,8055.43677022
2019-07-06,10988.7,11728.5,10945.6,11233.5,5353.27428748
2019-07-07,11234.2,11631.2,11000.0,11480.7,4619.32546455
2019-07-08,11481.5,12404.6,11323.7,12298.0,7494.77812687
2019-07-09,12299.7,12826.5,12127.0,12570.5,8812.14375715
2019-07-10,12562.9,13197.8,11555.0,12096.2,12774.21431449
2019-07-11,12096.0,12096.0,10957.0,11343.5,13431.14583169
2019-07-12,11346.1,11930.2,11091.3,11798.1,7210.26042024
2019-07-13,11804.0,11844.5,10800.1,11381.5,7153.01536348
2019-07-14,11381.5,11461.1,10275.1,10621.1,7554.98168904
2019-07-15,10622.7,11078.3,9789.0,10840.4,9896.55364709
2019-07-16,10840.8,11038.1,9365.0,9420.3,14549.88976143
2019-07-17,9420.5,9979.4,9099.0,9703.9,13073.68165922
2019-07-18,9701.3,10800.0,9250.1,10636.6,13028.99664647
2019-07-19,10647.2,10775.0,10122.0,10535.2,7418.36136261
2019-07-20,10530.8,11210.0,10379.5,10774.9,6939.80734523
2019-07-21,10774.7,10842.2,10188.0,10595.3,5461.71221755
2019-07-22,10595.3,10685.1,10071.0,10323.9,6592.61341474
2019-07-23,10324.0,10328.9,9800.0,9840.6,7956.17264384
2019-07-24,9840.6,9919.6,9500.1,9769.8,8280.47415170
2019-07-25,9770.0,10187.4,9734.6,9878.0,5604.36102566
2019-07-26,9878.0,9911.3,9625.2,9852.0,4320.29943763
2019-07-27,9850.9,10204.6,9269.1,9471.8,6349.43883010
2019-07-28,9472.8,9630.0,9120.0,9531.7,3862.18796917
2019-07-29,9536.2,9709.7,9375.0,9499.9,4104.96177138
2019-07-30,9495.4,9766.1,9381.3,9594.1,3996.70214890
2019-07-31,9594.0,10135.8,9575.0,10090.1,6067.91115085
2019-08-01,10090.3,10530.0,9882.4,10408.9,6555.68652868
2019-08-02,10408.9,10665.4,10327.9,10531.5,5203.22201179
2019-08-03,10532.7,10928.0,10507.0,10809.9,3958.82486203
2019-08-04,10809.9,11078.7,10539.9,10972.4,4989.39900931
2019-08-05,10977.6,11940.0,10973.0,11799.6,8456.18018477
2019-08-06,11799.6,12340.0,11200.0,11458.8,10983.92645999
2019-08-07,11458.1,12173.8,11387.0,11962.7,9518.03243373
2019-08-08,11973.3,12065.0,11472.6,11982.6,5503.28967046
2019-08-09,11992.9,12042.0,11660.0,11857.6,4972.62735052
2019-08-10,11859.6,11975.0,11230.2,11284.7,5075.90454317
2019-08-11,11280.0,11581.0,11101.9,11526.7,3242.58542379
2019-08-12,11539.7,11550.2,11235.0,11384.2,2521.40994313
2019-08-13,11386.0,11442.6,10751.0,10857.0,5530.49168914
2019-08-14,10855.1,10862.0,9900.0,10018.0,9345.62962355
2019-08-15,10018.0,10450.0,9490.0,10304.5,11725.54421272
2019-08-16,10300.9,10535.0,9728.0,10362.1,8443.90114207
2019-08-17,10362.2,10475.0,9999.9,10211.8,3766.05859122
2019-08-18,10211.8,10502.4,10065.0,10326.4,2908.43736041
2019-08-19,10325.0,10950.0,10267.5,10921.8,5196.35981986
2019-08-20,10921.4,10959.0,10560.1,10759.9,3828.56520889
2019-08-21,10759.9,10800.0,9853.2,10125.0,8841.95813426
2019-08-22,10125.0,10233.9,9752.2,10107.9,6511.37064984
2019-08-23,10105.2,10478.6,10037.7,10406.3,4021.56715700
2019-08-24,10407.5,10421.4,9883.4,10140.5,4180.40112259
2019-08-25,10148.7,10398.6,9910.1,10134.5,4209.49104422
2019-08-26,10142.1,10697.9,10142.1,10364.6,7297.68866568
2019-08-27,10364.4,10387.9,10033.0,10177.3,3401.11595726
2019-08-28,10180.0,10297.7,9533.0,9716.1,6687.99385334
2019-08-29,9714.9,9714.9,9307.8,9484.3,5907.22044466
2019-08-30,9484.7,9708.0,9350.5,9578.0,4391.33914057
2019-08-31,9577.9,9690.0,9400.0,9604.3,1980.08707079
2019-09-01,9602.1,9850.0,9540.8,9764.9,2143.79286394
2019-09-02,9765.0,10490.0,9752.8,10389.5,6360.47932096
2019-09-03,10389.6,10785.6,10271.6,10614.6,7101.50581787
2019-09-04,10619.7,10892.1,10319.0,10584.9,6149.09377268
2019-09-05,10585.0,10662.4,10457.3,10574.9,3484.58759942
2019-09-06,10577.5,10947.0,10145.3,10311.8,8328.94549932
2019-09-07,10307.5,10569.1,10307.5,10483.4,2190.39254856
2019-09-08,10483.3,10599.1,10240.9,10408.6,2078.25440436
2019-09-09,10398.9,10523.0,10051.0,10314.5,4756.56870284
2019-09-10,10309.2,10388.0,9938.1,10094.5,4302.89474056
2019-09-11,10097.0,10250.0,9886.5,10160.7,5419.95480161
2019-09-12,10161.0,10479.9,10040.1,10420.0,4997.36568605
2019-09-13,10419.8,12000.0,8000.0,10362.1,4222.08556358
2019-09-14,10362.2,10440.0,10210.7,10363.2,2090.84296902
2019-09-15,10363.5,10380.0,10270.1,10311.3,1231.07158466
2019-09-16,10311.3,10374.7,10000.0,10260.6,3342.93445037
2019-09-17,10260.7,10276.3,10134.7,10190.0,2862.78629000
2019-09-18,10188.0,10259.9,10041.8,10157.6,2947.65276632
2019-09-19,10157.7,10375.0,9633.8,10274.4,6317.87392557
2019-09-20,10274.4,10310.0,10069.0,10173.3,2979.57136009
2019-09-21,10173.8,10175.1,9903.7,9978.4,2133.83021089
2019-09-22,9980.0,10080.0,9850.0,10029.1,2127.34441348
2019-09-23,10029.2,10045.4,9615.0,9686.9,4041.35507992
2019-09-24,9696.0,9776.0,8046.0,8536.7,16439.01384206
2019-09-25,8535.0,8743.6,8000.0,8439.0,10165.91765298
2019-09-26,8439.0,8465.7,7730.0,8060.3,10824.42109647
2019-09-27,8063.0,8290.0,7850.0,8196.0,7405.79814858
2019-09-28,8195.9,8426.0,8024.9,8213.5,3824.92774834
2019-09-29,8214.0,8240.3,7909.0,8053.1,4937.63306462
2019-09-30,8053.3,8363.0,7655.0,8310.0,7532.44669163
2019-10-01,8310.0,8540.0,8201.8,8323.0,7856.25020541
2019-10-02,8323.0,8389.0,8168.2,8382.3,3884.72475803
2019-10-03,8382.2,8411.7,8070.1,8238.1,5110.21641641
2019-10-04,8245.4,8248.0,8001.0,8152.2,3962.29288913
2019-10-05,8155.0,8211.4,8023.3,8148.4,2165.33338854
2019-10-06,8150.8,8181.6,7780.0,7863.0,4761.79735033
2019-10-07,7863.0,8316.2,7769.7,8213.4,6458.49396534
2019-10-08,8213.4,8348.0,8112.1,8189.6,3839.86688141
2019-10-09,8180.2,8690.0,8118.1,8590.8,6095.51566733
2019-10-10,8589.9,8660.0,8456.8,8588.6,4491.79646465
2019-10-11,8588.6,8932.5,8230.3,8270.6,6684.48836003
2019-10-12,8269.3,8419.9,8265.0,8305.1,1335.94794356
2019-10-13,8305.1,8470.5,8144.4,8280.0,2659.77926754
2019-10-14,8280.0,8421.6,8214.6,8354.6,2175.19513106
2019-10-15,8354.6,8419.1,8060.5,8164.5,3446.28557862
2019-10-16,8164.5,8176.2,7916.0,8000.0,4175.76513585
2019-10-17,8000.1,8136.4,7938.8,8077.1,3371.34839504
2019-10-18,8077.1,8113.9,7821.0,7956.4,4812.45299948
2019-10-19,7956.3,8104.7,7878.6,7958.9,2506.19289998
2019-10-20,7960.0,8305.0,7882.5,8240.2,3549.21261809
2019-10-21,8240.1,8387.3,8136.0,8217.8,3238.66567053
2019-10-22,8210.3,8325.0,8000.0,8020.6,4402.04347714
2019-10-23,8020.6,8050.3,7302.0,7475.0,9256.02935576
2019-10-24,7473.9,7520.0,7360.0,7428.5,3888.46848210
2019-10-25,7426.4,8788.0,7400.0,8665.2,11146.74642007
2019-10-26,8669.4,10580.5,8646.6,9258.2,21100.98544246
2019-10-27,9261.7,9821.0,9106.3,9543.1,8972.37687837
2019-10-28,9554.1,9936.5,9187.6,9218.7,7774.23664903
2019-10-29,9217.1,9563.8,9030.0,9435.7,6443.02327089
2019-10-30,9435.1,9435.3,9000.0,9166.2,4885.88440327
2019-10-31,9163.9,9459.7,8949.6,9146.7,5161.90035164
2019-11-01,9151.9,9323.4,9058.1,9258.9,3424.08898477
2019-11-02,9258.2,9392.0,9204.4,9303.6,2319.75219001
2019-11-03,9303.6,9383.7,9080.0,9209.3,1976.07497804
2019-11-04,9209.9,9600.0,9130.0,9415.3,4210.55547002
2019-11-05,9415.2,9534.7,9175.0,9315.4,3879.89314136
2019-11-06,9313.0,9444.0,9255.0,9338.4,2425.04943523
2019-11-07,9339.6,9375.0,9084.9,9205.0,2735.36761936
2019-11-08,9205.0,9247.6,8675.0,8766.0,6097.43096545
2019-11-09,8765.9,8877.2,8721.0,8812.0,1669.90248078
2019-11-10,8812.1,9147.6,8751.7,9039.1,2916.52294666
2019-11-11,9039.0,9068.2,8610.0,8717.0,3855.37696814
2019-11-12,8717.0,8868.1,8560.0,8812.8,3351.96032150
2019-11-13,8812.8,8839.7,8709.6,8762.1,1944.95884718
2019-11-14,8763.9,8785.0,8561.0,8632.1,2648.09074564
2019-11-15,8632.0,8780.0,8375.4,8456.0,4632.18232862
2019-11-16,8455.9,8530.0,8430.0,8485.1,1557.17076091
2019-11-17,8487.0,8630.0,8363.5,8503.2,2173.98903092
2019-11-18,8503.2,8503.2,8030.0,8170.1,5103.11313161
2019-11-19,8168.8,8198.7,7987.2,8122.1,3917.41024362
2019-11-20,8124.9,8220.0,8030.0,8083.1,3329.92013303
2019-11-21,8083.1,8116.5,7399.0,7619.1,7275.88164828
2019-11-22,7619.1,7719.3,6761.0,7284.8,13608.74536290
2019-11-23,7284.7,7339.9,7105.2,7322.6,3450.73182725
2019-11-24,7322.5,7344.0,6836.9,6903.9,5289.08708673
2019-11-25,6903.9,7372.6,6525.0,7127.8,11883.52113364
2019-11-26,7125.8,7340.0,7025.0,7161.6,5289.89588850
2019-11-27,7161.6,7676.9,6854.5,7525.9,10280.36034579
2019-11-28,7523.8,7654.0,7373.2,7427.9,5151.04888594
2019-11-29,7427.9,7867.5,7412.4,7756.8,5710.64889357
2019-11-30,7756.6,7810.0,7452.1,7558.9,3783.84486788
2019-12-01,7558.9,7558.9,7228.8,7398.4,5458.62057674
2019-12-02,7398.3,7426.7,7160.1,7305.8,4088.18681186
2019-12-03,7304.0,7410.0,7245.0,7294.1,2968.67134190
2019-12-04,7299.5,7800.6,7068.2,7190.5,8221.35626433
2019-12-05,7196.2,7488.8,7157.9,7394.0,5740.72927962
2019-12-06,7395.0,7611.3,7311.0,7545.7,4660.87827212
2019-12-07,7546.3,7630.0,7491.3,7509.2,1904.40188544
2019-12-08,7507.2,7583.1,7400.0,7521.0,2035.40111552
2019-12-09,7518.7,7666.0,7256.7,7334.5,6674.37114463
2019-12-10,7334.5,7398.0,7160.0,7219.3,3914.44131465
2019-12-11,7218.7,7273.8,7125.0,7202.0,2841.93672577
2019-12-12,7201.9,7294.9,7077.0,7190.1,4286.99055883
2019-12-13,7190.2,7300.0,7182.7,7251.9,2900.50069874
2019-12-14,7251.9,7272.1,7010.0,7067.5,2770.37930834
2019-12-15,7067.5,7203.0,7010.0,7113.7,2347.93806361
2019-12-16,7112.8,7140.0,6800.0,6876.7,5102.80519991
2019-12-17,6877.4,6939.0,6563.0,6611.1,6131.25752861
2019-12-18,6612.9,7488.2,6430.2,7287.9,11212.51153387
2019-12-19,7293.4,7379.8,7045.0,7149.8,5337.33561706
2019-12-20,7150.5,7218.0,7076.7,7191.5,3440.04081588
2019-12-21,7191.6,7191.6,7117.6,7143.5,1353.22286945
2019-12-22,7143.5,7526.9,7124.0,7510.0,4534.82935907
2019-12-23,7510.1,7690.5,7265.0,7324.0,7541.52758700
2019-12-24,7315.2,7420.4,7160.0,7253.3,4866.13430740
2019-12-25,7252.9,7271.8,7116.1,7192.1,3360.65679731
2019-12-26,7193.0,7428.9,7150.0,7195.5,3667.03100747
2019-12-27,7196.4,7255.0,6934.8,7246.4,3927.39409090
2019-12-28,7246.6,7350.0,7234.9,7300.1,2522.15801625
2019-12-29,7300.6,7531.4,7280.0,7391.0,3018.85255099
2019-12-30,7383.4,7383.4,7200.0,7209.7,3737.33575952
2019-12-31,7216.4,7301.1,7110.0,7168.3,2652.13508878
2020-01-01,7168.3,7235.0,7150.0,7174.4,1827.63489373
2020-01-02,7174.4,7185.8,6915.0,6942.3,4057.33154562
2020-01-03,6943.4,7397.3,6860.0,7334.8,8120.49140472
2020-01-04,7333.2,7396.4,7260.0,7350.2,2912.37313055
2020-01-05,7350.2,7493.3,7301.1,7346.9,2904.09349400
2020-01-06,7347.2,7800.0,7339.2,7757.3,5994.07494460
2020-01-07,7760.0,8252.5,7727.1,8160.0,10390.75619972
2020-01-08,8160.3,8464.3,7875.0,8043.3,12263.42855540
2020-01-09,8043.3,8043.7,7749.9,7818.0,6127.63939749
2020-01-10,7818.1,8191.9,7666.3,8191.9,8032.13512482
2020-01-11,8191.9,8319.5,7999.3,8026.2,4806.77769559
2020-01-12,8023.3,8185.0,7951.2,8177.3,2330.06754714
2020-01-13,8177.3,8188.8,8036.8,8104.0,2714.88825152
2020-01-14,8104.1,8892.0,8104.1,8815.5,15537.34136256
2020-01-15,8815.5,8900.0,8560.0,8810.3,8031.77698958
2020-01-16,8808.4,8846.2,8579.4,8717.8,4960.81372289
2020-01-17,8717.9,9004.0,8657.7,8901.5,8148.70639247
2020-01-18,8898.5,8975.0,8810.0,8907.7,3915.30406409
2020-01-19,8905.3,9185.0,8470.0,8705.8,8532.30267690
2020-01-20,8705.8,8731.9,8510.0,8629.4,3779.49236180
2020-01-21,8628.7,8782.2,8333.0,8723.3,4521.51907233
2020-01-22,8723.3,8795.0,8565.4,8659.0,3097.91256918
2020-01-23,8658.9,8662.1,8281.0,8390.1,5865.70003157
2020-01-24,8390.1,8505.5,8215.2,8426.8,4582.86030911
2020-01-25,8426.8,8427.8,8253.3,8325.0,2513.01012983
2020-01-26,8325.1,8601.9,8285.0,8592.7,3516.66680936
2020-01-27,8599.3,8979.0,8565.0,8891.8,6287.21715108
2020-01-28,8891.8,9420.7,8873.9,9399.9,8030.84078641
2020-01-29,9395.0,9438.3,9222.6,9280.9,5598.64605243
2020-01-30,9281.2,9568.1,9060.0,9500.0,8016.28534864
2020-01-31,9500.5,9520.0,9200.0,9339.3,4869.46275806
2020-02-01,9337.1,9453.9,9283.5,9377.1,1680.52574219
2020-02-02,9377.0,9473.1,9150.0,9322.2,3269.38968378
2020-02-03,9322.2,9610.0,9225.0,9281.0,4995.34829891
2020-02-04,9280.8,9348.7,9078.8,9159.3,3809.73133955
2020-02-05,9159.3,9765.0,9150.2,9616.2,6914.05347554
2020-02-06,9612.8,9853.0,9520.0,9754.7,5888.03835585
2020-02-07,9754.7,9883.6,9715.0,9799.6,3687.00812773
2020-02-08,9799.6,9942.0,9658.0,9904.3,3479.91913592
2020-02-09,9901.6,10180.0,9887.4,10160.1,4824.28468491
2020-02-10,10159.1,10200.0,9760.0,9850.1,5740.53752184
2020-02-11,9850.1,10409.2,9707.0,10273.2,7498.78791986
2020-02-12,10271.6,10486.9,10218.0,10354.6,6776.93755974
2020-02-13,10352.6,10516.6,10060.3,10241.6,7307.31061568
2020-02-14,10241.6,10390.0,10097.4,10370.8,3567.75073529
2020-02-15,10369.5,10400.0,9766.9,9904.6,3626.96333990
2020-02-16,9904.5,10046.8,9632.0,9923.9,3239.16987186
2020-02-17,9921.1,9961.5,9476.4,9702.1,4759.25765662
2020-02-18,9702.2,10281.0,9615.0,10180.0,4946.63002769
2020-02-19,10180.3,10300.0,9346.0,9602.2,6771.75337086
2020-02-20,9602.0,9704.9,9350.0,9610.7,4154.07286871
2020-02-21,9608.5,9771.4,9562.8,9698.2,2778.86679125
2020-02-22,9696.8,9717.6,9575.0,9671.5,1028.00120476
2020-02-23,9670.0,10022.0,9666.0,9966.1,2462.42622628
2020-02-24,9967.5,10022.8,9485.0,9664.6,4234.87059293
2020-02-25,9661.8,9677.4,9244.0,9309.5,4373.89747117
2020-02-26,9307.7,9365.6,8645.0,8783.5,8419.18472364
2020-02-27,8783.3,8968.0,8516.3,8810.3,4871.47143515
2020-02-28,8814.5,8895.0,8439.3,8715.5,5456.72459924
2020-02-29,8706.8,8795.0,8526.6,8529.1,2241.96592406
2020-03-01,8526.1,8750.0,8405.0,8530.0,3134.04788956
2020-03-02,8518.8,8965.0,8486.9,8924.7,4758.56506701
2020-03-03,8918.4,8924.1,8662.5,8752.8,3892.82816455
2020-03-04,8756.6,8844.0,8670.4,8758.7,3140.28034020
2020-03-05,8758.4,9170.0,8758.4,9066.0,4762.43290995
2020-03-06,9065.8,9175.0,9001.9,9154.9,3664.43951004
2020-03-07,9154.8,9213.0,8856.0,8899.5,2985.57244616
2020-03-08,8891.1,8891.1,8003.1,8035.6,7188.98135068
2020-03-09,8039.8,8185.0,7634.3,7927.8,9972.59475142
2020-03-10,7929.1,8153.5,7735.0,7886.9,7321.23320851
2020-03-11,7889.6,7986.1,7589.0,7943.3,6679.27569715
2020-03-12,7961.3,7967.3,4672.3,4850.0,39800.71505227
2020-03-13,4850.0,5999.0,3913.1,5630.2,45110.87342509
2020-03-14,5630.2,5664.9,5057.0,5162.2,11373.58938992
2020-03-15,5163.1,6002.2,5092.6,5340.1,14972.44241729
2020-03-16,5339.7,5345.8,4331.7,5042.3,25217.66913966
2020-03-17,5044.0,5565.1,4942.0,5331.7,17512.03843833
2020-03-18,5334.3,5450.0,5015.9,5415.2,17389.77099803
2020-03-19,5419.3,6433.6,5270.1,6184.5,21672.56794101
2020-03-20,6185.3,7020.0,5680.0,6206.8,22752.76020803
2020-03-21,6207.0,6469.9,5850.0,6196.3,11088.60927023
2020-03-22,6196.3,6419.9,5748.7,5825.5,11834.23997828
2020-03-23,5820.6,6615.0,5688.1,6505.1,16490.58491787
2020-03-24,6498.4,6875.0,6404.0,6769.0,15187.88737389
2020-03-25,6766.8,6985.0,6462.5,6689.9,12154.11551176
2020-03-26,6690.0,6796.2,6524.8,6767.0,7007.12459154
2020-03-27,6764.2,6869.0,6280.0,6376.4,9964.06390661
2020-03-28,6376.3,6376.4,6039.0,6251.8,9047.77713744
2020-03-29,6252.6,6281.1,5866.3,5875.0,6451.48074249
2020-03-30,5875.0,6640.0,5851.0,6403.2,11024.05146764
2020-03-31,6403.8,6525.0,6336.0,6422.1,6173.38589792
2020-04-01,6422.2,6710.0,6157.4,6662.9,11298.75259834
2020-04-02,6662.9,7269.0,6576.4,6803.8,18344.45513512
2020-04-03,6800.5,7053.3,6610.0,6738.6,11139.79871481
2020-04-04,6738.6,7002.0,6654.5,6873.2,6160.36258014
2020-04-05,6873.0,6910.1,6681.8,6779.4,3842.23364298
2020-04-06,6778.7,7370.0,6774.2,7343.5,12052.07455138
2020-04-07,7342.3,7474.9,7080.0,7206.2,10959.24109233
2020-04-08,7204.7,7425.7,7157.0,7368.0,7513.67368316
2020-04-09,7366.3,7378.1,7091.9,7294.1,7172.46709718
2020-04-10,7294.1,7304.5,6750.0,6873.8,10944.24981389
2020-04-11,6873.7,6960.0,6771.4,6889.6,4297.11045169
2020-04-12,6886.8,7216.5,6795.0,6903.7,7413.51868624
2020-04-13,6903.7,6903.9,6560.0,6861.6,10209.63615758
2020-04-14,6862.1,6985.0,6772.7,6874.5,5897.65064809
2020-04-15,6874.6,6938.8,6601.0,6619.8,6376.29262691
2020-04-16,6618.1,7212.2,6478.6,7114.9,14381.39167045
2020-04-17,7112.4,7157.8,6989.7,7034.1,5728.81106563
2020-04-18,7034.5,7300.0,7025.4,7259.0,4787.19773175
2020-04-19,7258.9,7276.1,7066.2,7127.6,3469.26761388
2020-04-20,7125.8,7224.0,6760.2,6839.2,7408.89086987
2020-04-21,6838.2,6952.6,6773.1,6852.1,4638.37896165
2020-04-22,6855.0,7165.0,6819.8,7136.9,5933.87000545
2020-04-23,7136.8,7790.0,7035.2,7485.0,11413.46162252
2020-04-24,7489.8,7610.0,7370.0,7507.8,7417.32530007
2020-04-25,7509.4,7731.8,7442.2,7550.1,5605.49059654
2020-04-26,7550.0,7710.0,7480.0,7703.9,4518.49022689
2020-04-27,7706.6,7795.0,7629.7,7792.4,6358.90421104
2020-04-28,7792.4,7794.9,7671.1,7755.8,4236.80566423
2020-04-29,7753.0,8978.0,7727.6,8779.9,20471.05190692
2020-04-30,8779.9,9487.9,8410.0,8629.6,23985.38992569
2020-05-01,8628.3,9065.0,8628.3,8824.6,8508.44395579
2020-05-02,8831.0,9016.2,8756.4,8983.1,5759.28671375
2020-05-03,8983.2,9204.8,8714.0,8905.5,8379.61977310
2020-05-04,8910.9,8972.5,8534.0,8886.3,8240.87431951
2020-05-05,8890.7,9119.9,8780.0,9027.4,7421.48480588
2020-05-06,9027.4,9430.0,8921.0,9166.1,11362.01313335
2020-05-07,9163.1,10080.2,9037.0,10001.0,18206.78074228
2020-05-08,10001.4,10048.2,9727.5,9809.5,9783.48938227
2020-05-09,9808.4,9911.7,9518.0,9539.7,8004.08245324
2020-05-10,9530.5,9570.1,7995.6,8716.5,21269.65739269
2020-05-11,8724.9,9175.0,8190.0,8570.8,18291.82768881
2020-05-12,8570.8,8975.0,8531.8,8823.7,7354.10341194
2020-05-13,8818.1,9411.0,8808.1,9317.1,9472.11087761
2020-05-14,9317.1,9947.0,9256.9,9788.5,12966.02053407
2020-05-15,9788.5,9847.1,9128.0,9312.1,11082.91558633
2020-05-16,9310.5,9590.0,9221.1,9386.0,4905.16528078
2020-05-17,9379.3,9888.0,9317.1,9673.0,6998.24963795
2020-05-18,9675.6,9948.3,9400.0,9725.3,8025.34763434
2020-05-19,9726.0,9900.0,9465.0,9779.3,8433.88252936
2020-05-20,9779.2,9841.4,9310.0,9510.1,8928.34699991
2020-05-21,9510.1,9564.0,8800.0,9057.3,12850.78533232
2020-05-22,9057.5,9261.2,8925.0,9169.0,5948.22846448
2020-05-23,9169.9,9316.0,9072.5,9178.6,3223.80644681
2020-05-24,9175.4,9300.0,8645.0,8715.1,6806.68899898
2020-05-25,8712.8,8975.0,8644.0,8898.1,6019.25989883
2020-05-26,8898.0,9012.0,8686.6,8841.7,5236.66556594
2020-05-27,8840.7,9226.0,8810.6,9213.9,6834.04990446
2020-05-28,9208.0,9625.0,9109.4,9577.9,8108.35758970
2020-05-29,9578.0,9608.6,9312.0,9425.0,6002.56934043
2020-05-30,9424.9,9745.0,9330.0,9698.6,5071.76497567
2020-05-31,9699.9,9700.0,9380.0,9447.4,3643.43597021
2020-06-01,9447.9,10370.0,9414.6,10206.2,9866.95115835
2020-06-02,10210.1,10235.0,9300.0,9525.4,14963.95762982
2020-06-03,9516.0,9690.0,9310.9,9664.1,4383.39531009
2020-06-04,9670.0,9884.7,9465.0,9791.4,6818.32814269
2020-06-05,9792.1,9855.0,9537.9,9617.7,5121.00668816
2020-06-06,9617.6,9731.2,9527.4,9672.0,2681.15313308
2020-06-07,9668.7,9812.4,9386.6,9757.7,4869.61667609
2020-06-08,9755.7,9800.0,9626.8,9780.9,3571.19983983
2020-06-09,9782.0,9900.4,9560.3,9778.0,5905.61392668
2020-06-10,9778.0,10000.0,9680.0,9892.4,5841.62377546
2020-06-11,9892.2,9990.0,9090.5,9265.8,12247.96471877
2020-06-12,9265.8,9545.0,9234.0,9460.0,4753.44160400
2020-06-13,9459.9,9492.8,9353.8,9471.0,1910.81428241
2020-06-14,9472.9,9475.0,9230.6,9330.4,2680.38680179
2020-06-15,9328.4,9499.9,8905.0,9425.3,9823.89428294
2020-06-16,9425.3,9593.0,9385.0,9528.5,5563.38048246
2020-06-17,9527.5,9556.8,9233.4,9453.1,5393.86904625
2020-06-18,9453.1,9480.0,9268.2,9381.5,3652.89691828
2020-06-19,9381.5,9439.7,9219.9,9302.1,4506.12586124
2020-06-20,9301.2,9394.9,9165.0,9355.6,2127.73045817
2020-06-21,9357.0,9416.9,9280.0,9284.7,2014.19981502
2020-06-22,9284.7,9780.0,9275.0,9694.0,5237.81344337
2020-06-23,9694.0,9721.3,9575.8,9622.3,3628.18725463
2020-06-24,9625.5,9661.7,9200.0,9282.0,5937.38256752
2020-06-25,9290.6,9337.5,8992.4,9233.5,6244.40048570
2020-06-26,9238.0,9285.0,9028.6,9150.3,5297.72428640
2020-06-27,9153.0,9183.3,8812.8,9002.0,4249.82947999
2020-06-28,9003.9,9189.3,8937.5,9113.7,2562.54923600
2020-06-29,9113.8,9230.0,9013.0,9183.5,4167.07503225
2020-06-30,9186.4,9199.0,9061.3,9133.9,2685.85190593
2020-07-01,9135.0,9300.3,9094.2,9234.5,3526.76141260
2020-07-02,9233.9,9269.2,8935.6,9086.0,4547.45864937
2020-07-03,9086.0,9123.1,9041.4,9058.0,1652.16338851
2020-07-04,9058.1,9194.8,9044.9,9138.5,1524.40316113
2020-07-05,9138.5,9143.5,8915.1,9083.8,1933.66216977
2020-07-06,9083.8,9372.0,9065.2,9348.2,4710.44847333
2020-07-07,9347.1,9378.0,9204.1,9256.8,3589.57391325
2020-07-08,9258.4,9480.0,9237.6,9440.1,4307.70416024
2020-07-09,9440.0,9440.1,9155.2,9240.2,3776.71826166
2020-07-10,9236.0,9314.9,9125.0,9286.0,2668.97298418
2020-07-11,9286.1,9296.7,9186.4,9234.6,1145.08067707
2020-07-12,9234.5,9340.0,9161.5,9300.0,1679.96695486
2020-07-13,9300.0,9367.7,9195.7,9236.2,2850.69438337
2020-07-14,9237.2,9275.0,9095.0,9252.2,3085.47358479
2020-07-15,9253.9,9272.7,9155.1,9195.0,3307.12674699
2020-07-16,9194.9,9208.8,9021.7,9130.9,3908.40889536
2020-07-17,9131.0,9182.1,9078.5,9152.2,2171.67983091
2020-07-18,9152.2,9208.9,9123.0,9174.1,1053.26547125
2020-07-19,9173.7,9238.2,9111.1,9213.7,1355.34662685
2020-07-20,9216.1,9224.6,9131.5,9163.0,2034.71911035
2020-07-21,9163.0,9436.0,9157.3,9393.8,4022.04830186
2020-07-22,9393.9,9569.0,9281.8,9529.9,3139.86902079
2020-07-23,9529.8,9676.0,9460.0,9612.0,4565.29741884
2020-07-24,9612.0,9649.0,9480.0,9553.6,3345.55355981
2020-07-25,9553.6,9748.1,9540.9,9710.2,2412.07406077
2020-07-26,9712.1,10197.0,9666.7,9939.6,5224.80083782
2020-07-27,9939.6,11420.0,9937.1,11046.1,16317.13418061
2020-07-28,11051.0,11263.1,10588.0,10934.0,8489.68581504
2020-07-29,10934.0,11348.0,10852.2,11108.2,6258.41077832
2020-07-30,11111.1,11187.2,10828.8,11114.8,5060.25168109
2020-07-31,11114.8,11460.0,10980.0,11356.2,5391.83287510
2020-08-01,11356.1,11883.4,11239.4,11809.9,6935.58801917
2020-08-02,11811.0,12126.6,10590.0,11067.1,9103.23275731
2020-08-03,11072.1,11484.2,10827.9,11237.3,4734.35785204
2020-08-04,11237.1,11419.0,11028.5,11197.5,3413.51179664
2020-08-05,11200.0,11791.4,11099.2,11746.0,5230.82070658
2020-08-06,11746.0,11912.2,11579.3,11771.5,4417.04203441
2020-08-07,11771.5,11918.7,11350.0,11603.5,5264.97323381
2020-08-08,11603.5,11813.8,11540.0,11768.0,2217.98830939
2020-08-09,11768.0,11804.9,11532.5,11687.5,1618.55270851
2020-08-10,11689.7,12082.9,11535.5,11898.7,6928.45634041
2020-08-11,11898.7,11939.0,11133.0,11391.7,7265.36658733
2020-08-12,11391.6,11620.0,11163.0,11576.6,4049.32104614
2020-08-13,11576.7,11799.0,11269.0,11794.6,4296.45387091
2020-08-14,11794.8,11867.1,11658.5,11772.6,3549.57338470
2020-08-15,11775.0,11988.0,11675.0,11858.3,3176.27440204
2020-08-16,11855.6,11939.5,11701.0,11916.8,1955.26237298
2020-08-17,11919.9,12480.6,11775.0,12301.7,6920.63243919
2020-08-18,12301.7,12393.7,11807.7,11957.0,6055.42452850
2020-08-19,11955.2,12020.0,11569.4,11757.4,5945.74455341
2020-08-20,11757.2,11899.7,11675.0,11864.6,3273.14388850
2020-08-21,11864.5,11884.8,11500.0,11522.7,3996.10639778
2020-08-22,11522.7,11687.0,11350.0,11672.7,2777.53556332
2020-08-23,11672.7,11715.0,11525.2,11652.6,1207.43793131
2020-08-24,11653.2,11821.9,11600.0,11764.8,2158.19547377
2020-08-25,11760.5,11768.8,11120.0,11330.0,5257.96303760
2020-08-26,11330.1,11539.0,11251.7,11469.5,2742.52781267
2020-08-27,11469.6,11598.8,11128.4,11327.9,4707.31018559
2020-08-28,11327.9,11549.7,11283.8,11532.6,2688.00400619
2020-08-29,11531.0,11580.0,11408.1,11480.9,1489.53499146
2020-08-30,11480.9,11715.0,11469.0,11713.1,1357.35993004
2020-08-31,11713.0,11785.0,11580.0,11656.9,2463.34774191
2020-09-01,11657.2,12068.6,11532.8,11926.8,4033.23011004
2020-09-02,11926.3,11955.3,11187.0,11396.9,6177.24737800
2020-09-03,11399.2,11478.0,10025.0,10180.1,10567.15214810
2020-09-04,10180.0,10634.8,9914.6,10463.6,7291.88858934
2020-09-05,10463.5,10565.0,9856.3,10162.2,6725.52374424
2020-09-06,10164.0,10345.0,10010.0,10253.1,2497.15786405
2020-09-07,10256.2,10415.3,9877.6,10377.4,4070.35031772
2020-09-08,10377.5,10440.0,9850.0,10123.3,5532.39183434
2020-09-09,10123.3,10350.0,9983.2,10229.7,3169.44850660
2020-09-10,10229.5,10488.0,10227.5,10350.1,3714.09087142
2020-09-11,10350.0,10411.3,10210.0,10398.2,2682.48875246
2020-09-12,10398.1,10475.0,10280.0,10447.5,2068.36599332
2020-09-13,10447.5,10573.0,10217.2,10328.2,2427.79196668
2020-09-14,10328.2,10745.0,10251.2,10674.9,4151.73228339
2020-09-15,10675.0,10935.0,10620.0,10785.2,4280.92435538
2020-09-16,10785.2,11097.9,10670.2,10951.1,4155.03620984
2020-09-17,10951.3,11043.2,10750.3,10944.8,3387.94544680
2020-09-18,10944.8,11039.1,10818.0,10934.7,2354.54057504
2020-09-19,10934.8,11178.2,10898.9,11080.7,1827.56916142
2020-09-20,11078.0,11078.0,10766.2,10918.5,2298.82352174
2020-09-21,10918.6,10985.0,10300.0,10415.0,6425.34807722
2020-09-22,10417.9,10570.0,10362.8,10532.5,3177.44162823
2020-09-23,10531.2,10534.0,10134.6,10230.7,4306.72297782
2020-09-24,10230.7,10788.3,10192.4,10740.2,4593.25293705
2020-09-25,10738.9,10761.6,10565.0,10695.1,3847.35826784
2020-09-26,10695.1,10695.1,10695.1,10695.1,0.00000000
2020-09-27,10695.1,10695.1,10695.1,10695.1,0.00000000
2020-09-28,10695.1,10695.1,10695.1,10695.1,0.00000000
2020-09-29,10695.1,10695.1,10695.1,10695.1,0.00000000
2020-09-30,10841.4,10842.4,10670.0,10774.9,2473.82922088
2020-10-01,10774.9,10930.0,10451.0,10616.1,5064.96171829
2020-10-02,10611.0,10655.5,10384.3,10574.8,3866.32730974
2020-10-03,10574.8,10603.7,10504.1,10553.0,1221.43053437
2020-10-04,10553.0,10690.0,10531.2,10676.4,1234.25174381
2020-10-05,10676.4,10799.0,10632.0,10799.0,2274.02057894
2020-10-06,10799.0,10803.6,10527.0,10605.4,3347.54265930
2020-10-07,10605.0,10676.6,10552.6,10669.9,2177.50587476
2020-10-08,10670.0,10969.6,10540.0,10934.1,4228.06693828
2020-10-09,10931.9,11110.6,10842.0,11060.2,3237.00773051
2020-10-10,11060.1,11499.0,11060.1,11301.5,3960.95890077
2020-10-11,11299.4,11443.9,11262.0,11376.6,2180.88632597
2020-10-12,11376.6,11725.9,11202.9,11535.8,4883.07187989
2020-10-13,11534.6,11560.0,11315.0,11428.6,3464.47542678
2020-10-14,11428.9,11555.0,11300.0,11433.1,2817.85908619
2020-10-15,11433.2,11628.0,11255.3,11501.0,3310.60603618
2020-10-16,11501.0,11549.0,11207.0,11326.9,3689.18449699
2020-10-17,11327.0,11411.8,11254.6,11363.9,1155.95428631
2020-10-18,11364.0,11515.1,11355.7,11508.9,1062.87912435
2020-10-19,11508.8,11838.3,11416.6,11757.0,4364.70701426
2020-10-20,11757.0,12070.0,11678.8,11925.4,5301.91244632
2020-10-21,11926.7,13241.4,11905.7,12813.0,11497.59347437
2020-10-22,13124.6,13199.0,12943.6,12984.1,973.12908360
2020-10-23,12985.4,13032.8,12735.0,12939.0,3897.16955007
2020-10-24,12939.0,13172.3,12890.7,13130.9,1813.58698169
2020-10-25,13130.9,13351.0,12833.0,13039.2,3508.36779755
2020-10-26,13039.8,13243.6,12801.0,13080.0,4628.57769014
2020-10-27,13080.0,13794.8,13064.0,13649.6,7598.84407927
2020-10-28,13649.1,13851.6,12900.0,13289.5,8264.04057366
2020-10-29,13288.0,13644.0,12975.0,13463.1,5549.85025094
2020-10-30,13462.1,13684.9,13131.0,13567.0,6467.91601097
2020-10-31,13567.0,14080.0,13425.5,13809.1,5282.11155202
2020-11-01,13799.0,13900.6,13634.6,13762.5,2302.11145634
2020-11-02,13762.6,13840.0,13218.3,13565.8,5151.11685948
2020-11-03,13568.3,14062.8,13305.0,14021.8,5039.10250174
2020-11-04,14028.8,14266.4,13540.7,14163.3,7484.67922848
2020-11-05,14165.7,15782.3,14120.1,15610.4,13893.35310348
2020-11-06,15610.3,15967.0,15177.0,15599.2,9645.32707811
2020-11-07,15602.8,15769.9,14365.0,14837.3,7646.39947038
2020-11-08,14837.4,15650.0,14726.6,15480.1,4503.79086731
2020-11-09,15480.0,15843.3,14824.7,15322.9,7504.18058973
2020-11-10,15339.1,15474.9,15100.0,15316.7,3736.89301767
2020-11-11,15319.0,15990.0,15300.0,15708.7,6372.85620441
2020-11-12,15708.6,16345.0,15425.3,16307.8,9541.89852023
2020-11-13,16308.6,16489.4,15980.6,16343.4,6047.97099830
2020-11-14,16343.3,16343.4,15735.0,16080.1,3713.34899327
2020-11-15,16086.5,16170.5,15801.0,15962.3,2083.20526402
2020-11-16,15966.8,16892.9,15884.3,16721.1,6629.53381631
2020-11-17,16723.8,17876.1,16569.5,17684.8,10140.27825534
2020-11-18,17680.0,18495.0,17200.0,17800.0,13809.84372874
2020-11-19,17800.0,18200.0,17369.0,17828.2,6833.90109047
2020-11-20,17827.4,18824.0,17780.0,18680.2,6868.25970170
2020-11-21,18673.6,18977.5,18333.0,18708.7,4874.53549384
2020-11-22,18708.7,18764.9,17620.0,18450.2,6457.67189893
2020-11-23,18433.7,18780.0,18005.0,18387.8,6160.78140739
2020-11-24,18380.2,19448.0,18069.7,19173.8,9038.29612050
2020-11-25,19169.6,19509.3,18425.1,18723.4,6923.70078677
2020-11-26,18725.9,18900.0,16210.0,17164.6,18298.68923292
2020-11-27,17165.0,17460.0,16450.8,17144.2,5962.04838793
2020-11-28,17146.0,17890.0,16871.1,17732.9,5037.34622355
2020-11-29,17731.6,18356.1,17525.0,18194.2,5284.40097885
2020-11-30,18195.6,19850.0,16660.0,19708.1,13486.01802720
2020-12-01,19706.5,19947.5,18111.0,18782.9,12790.05335884
2020-12-02,18777.0,19350.0,18347.1,19231.4,6800.55853419
2020-12-03,19219.3,19600.0,18851.9,19451.3,5045.72826462
2020-12-04,19440.7,19536.1,18561.6,18665.8,5834.11698084
2020-12-05,18655.0,19179.3,18511.0,19153.0,2374.36779330
2020-12-06,19153.1,19437.0,18857.8,19392.9,2717.60065321
2020-12-07,19385.0,19440.0,18900.0,19178.6,3138.36481260
2020-12-08,19182.5,19300.0,18120.0,18320.5,6386.01889423
2020-12-09,18313.1,18640.0,17649.9,18548.5,7731.94332043
2020-12-10,18548.4,18557.2,17911.1,18245.5,4911.09036808
2020-12-11,18246.4,18285.0,17572.0,18031.5,6183.56417574
2020-12-12,18031.5,18986.9,18024.0,18806.9,4583.50043711
2020-12-13,18814.4,19420.0,18712.6,19164.1,4740.41168303
2020-12-14,19163.0,19342.7,19002.0,19281.1,3153.24214073
2020-12-15,19281.0,19551.5,19048.9,19439.7,5539.35145570
2020-12-16,19439.5,21577.4,19302.4,21378.1,11843.67879736
2020-12-17,21361.7,23751.0,21264.4,22826.2,18993.44181470
2020-12-18,22811.8,23317.1,22308.2,23130.5,6050.93755165
2020-12-19,23132.8,24288.2,22800.0,23871.5,6255.12780310
2020-12-20,23871.5,24297.7,23084.9,23480.7,5876.10037185
2020-12-21,23480.8,24090.0,21885.6,22716.1,10783.18264979
2020-12-22,22724.6,23837.0,22354.2,23828.2,5728.00766789
2020-12-23,23823.0,24080.0,22629.2,23226.7,8830.55195551
2020-12-24,23225.5,23750.0,22723.0,23718.6,4800.52521058
2020-12-25,23718.7,24777.7,23410.8,24698.6,6178.77951455
2020-12-26,24703.8,26800.0,24500.0,26441.2,9648.05536731
2020-12-27,26442.2,28353.2,25634.6,26251.4,14257.99861732
2020-12-28,26238.0,27460.9,26056.4,27029.5,7871.34149982
2020-12-29,27028.9,27400.0,25850.0,27376.2,8698.45260361
2020-12-30,27376.2,28972.1,27346.0,28879.9,10428.39122144
2020-12-31,28880.0,29291.7,27844.0,28959.2,7612.52438637
2021-01-01,28959.4,29670.0,28672.3,29398.9,5856.86897657
2021-01-02,29398.7,33245.0,29028.7,32238.8,19615.91350889
2021-01-03,32215.4,34771.0,32002.0,33082.7,12135.92577129
2021-01-04,33082.7,33652.3,27920.0,32048.0,16125.62840498
2021-01-05,32047.9,34499.0,29910.5,34050.0,10982.67553728
2021-01-06,34049.7,36989.0,33373.4,36876.7,12345.59200165
2021-01-07,36873.4,40376.9,36201.0,39489.0,16175.89556871
2021-01-08,39489.0,41989.0,36618.0,40666.7,14072.21903592
2021-01-09,40644.2,41418.0,38765.2,40252.1,5989.36250679
2021-01-10,40256.8,41437.5,34875.0,38170.5,14578.12038267
2021-01-11,38170.3,38249.9,30302.0,35439.3,27061.98196231
2021-01-12,35444.0,36626.6,32416.8,34046.4,13744.95201747
2021-01-13,34038.2,37820.0,32349.9,37390.1,13128.53982254
2021-01-14,37390.1,40115.0,36676.6,39151.6,10488.49678433
2021-01-15,39121.5,39686.1,34371.0,36739.8,13486.03839009
2021-01-16,36744.6,37947.5,35342.2,36014.6,8842.42252093
2021-01-17,36010.5,36873.9,33850.0,35816.4,9017.89627085
2021-01-18,35815.6,37400.0,34754.5,36622.5,7464.62633774
2021-01-19,36622.5,37860.0,35900.0,35925.6,6298.67637683
2021-01-20,35925.5,36396.7,33374.0,35511.8,9170.19074567
2021-01-21,35511.8,35614.1,30056.1,30832.6,19513.43295565
2021-01-22,30832.5,33850.0,28800.0,33000.0,15251.54979223
2021-01-23,33000.1,33496.4,31350.0,32100.5,6099.11396014
2021-01-24,32101.1,33088.2,30950.0,32292.0,4828.26804529
2021-01-25,32297.8,34872.7,31908.7,32274.4,9134.64789835
2021-01-26,32266.9,32932.8,30816.2,32501.0,8854.20510657
2021-01-27,32509.2,32579.0,29255.0,30424.2,11215.32690868
2021-01-28,30422.6,33872.1,29900.0,33430.4,8816.48779189
2021-01-29,33430.5,38621.0,32000.0,34261.7,20784.44273084
2021-01-30,34266.3,34902.0,32865.2,34296.5,5251.37596528
2021-01-31,34297.4,34373.2,32200.0,33122.0,4625.29985591
2021-02-01,33121.8,34700.0,32325.3,33533.9,5477.65375934
2021-02-02,33534.1,36000.0,33462.1,35500.0,6824.95472103
2021-02-03,35500.0,37676.0,35394.8,37670.9,7014.21979274
2021-02-04,37676.0,38735.1,36202.0,36979.0,7172.51303209
2021-02-05,36975.8,38340.0,36582.9,38296.7,4809.54280306
2021-02-06,38311.7,40986.0,38221.4,39257.0,9126.76729633
2021-02-07,39257.0,39704.4,37410.5,38874.9,5135.54003709
2021-02-08,38867.1,46727.2,38075.0,46425.8,13678.90387894
2021-02-09,46425.7,48222.0,45050.0,46502.8,10574.21771710
2021-02-10,46504.5,47340.0,43734.8,44847.5,6451.55893098
2021-02-11,44839.5,48703.6,44046.2,47962.8,7962.97492388
2021-02-12,47979.9,48925.0,46263.0,47470.4,5332.29630267
2021-02-13,47438.2,48224.1,46285.0,47199.9,2631.80889729
2021-02-14,47199.9,49700.0,47038.7,48649.7,3553.11213783
2021-02-15,48655.4,49043.3,45710.5,47937.1,5337.99924266
2021-02-16,47937.1,50599.9,47040.1,49218.7,6175.52069200
2021-02-17,49185.6,52779.6,48967.4,52130.0,7320.83703094
2021-02-18,52130.0,52555.1,50904.2,51600.9,4118.20561430
2021-02-19,51590.5,56349.9,50683.4,55926.9,8055.79248517
2021-02-20,55926.5,57500.0,53961.9,55938.7,5846.24681261
2021-02-21,55931.5,58339.0,55490.5,57478.3,3727.83573597
2021-02-22,57475.9,57567.6,45002.0,54154.8,12299.53570482
2021-02-23,54128.0,54200.0,45000.0,48899.8,17080.21248951
2021-02-24,48899.6,51442.5,47015.7,49727.7,8110.23297686
2021-02-25,49726.1,52071.9,46702.0,47061.5,7523.62785681
2021-02-26,47072.1,48449.0,44120.3,46314.5,10050.93808767
2021-02-27,46307.2,48350.0,45022.9,46170.2,4235.54896417
2021-02-28,46163.9,46706.2,43020.0,45245.4,6840.39246604
2021-03-01,45234.7,49818.1,45046.8,49620.7,7070.92019864
2021-03-02,49615.3,50225.8,47050.2,48486.2,5796.81965376
2021-03-03,48495.9,52600.0,48160.0,50400.0,6721.59262050
2021-03-04,50400.0,51820.4,47500.0,48330.0,7226.22528712
2021-03-05,48330.0,49539.3,46312.0,48734.7,7480.67750585
2021-03-06,48767.4,49232.2,47111.9,48899.9,3104.70756826
2021-03-07,48906.0,51470.2,48905.9,50962.3,4519.00601948
2021-03-08,50971.3,52432.9,49368.0,52375.0,4669.97221169
2021-03-09,52383.0,54929.0,51875.0,54929.0,5890.74250935
2021-03-10,54922.7,57378.0,53051.0,55851.0,8091.88400907
2021-03-11,55859.9,58150.1,54286.3,57809.9,6111.04350087
2021-03-12,57807.0,58069.5,55040.2,57234.0,4971.61542626
2021-03-13,57238.9,61724.6,56073.2,61174.9,7245.63678712
2021-03-14,61174.9,61639.2,59001.0,59001.1,3394.47205511
2021-03-15,59001.0,60580.0,54593.8,55600.0,6721.10373802
2021-03-16,55627.6,56891.1,52500.0,56891.1,6381.12428361
2021-03-17,56891.1,58951.0,53752.0,58933.0,6509.29258273
2021-03-18,58940.5,60000.0,57007.0,57640.9,5831.85791094
2021-03-19,57640.0,59461.5,56243.1,58101.8,3859.35865644
2021-03-20,58085.0,59880.0,57545.2,58091.6,3369.76250794
2021-03-21,58080.5,58835.6,55536.5,57378.4,3911.97734630
2021-03-22,57368.8,58403.2,53775.0,54095.1,6156.27773216
2021-03-23,54098.2,55814.9,53011.0,54351.3,5033.16532730
2021-03-24,54341.2,57200.0,51641.8,52293.8,7897.28001289
2021-03-25,52280.4,53219.9,50436.3,51314.9,6482.78493088
2021-03-26,51318.2,55107.0,51239.1,55062.2,4954.12112589
2021-03-27,55062.1,56668.0,54000.0,55852.4,3968.91582671
2021-03-28,55852.5,56550.0,54690.9,55782.0,3562.54681255
2021-03-29,55782.3,58619.7,54919.0,57624.2,5884.89160022
2021-03-30,57627.5,59380.0,57055.0,58781.0,3941.68729389
2021-03-31,58781.1,59800.0,56813.8,58786.2,5451.56829086
2021-04-01,58780.4,59474.6,57917.1,58732.9,2449.85913479
2021-04-02,58732.9,60025.0,58500.0,59020.7,4199.50728875
2021-04-03,59020.7,59867.1,56955.0,57099.0,3552.82088064
2021-04-04,57099.0,58495.6,56468.4,58195.0,2188.97659120
2021-04-05,58195.1,59278.1,56820.0,59120.0,3422.70382389
2021-04-06,59120.0,59462.8,57377.1,58017.1,2656.52127465
2021-04-07,58017.2,58652.1,55460.0,55928.5,5047.94350900
2021-04-08,55936.6,58159.1,55728.0,58036.9,2513.62946857
2021-04-09,58037.0,58890.4,57538.3,58110.0,3098.67964648
2021-04-10,58110.0,61207.0,57882.0,59775.6,5891.77000902
2021-04-11,59760.9,60652.6,59178.7,59956.0,2616.04617267
2021-04-12,59967.9,61200.0,59420.0,59823.7,3520.97100708
2021-04-13,59823.7,63882.5,59781.2,63587.2,6335.66384378
2021-04-14,63581.0,64900.0,61315.0,62969.0,6028.09926266
2021-04-15,62963.0,63830.0,62050.0,63243.0,2859.75955315
2021-04-16,63243.1,63593.1,60100.0,61455.0,5829.19713328
2021-04-17,61455.1,62636.4,59702.4,60085.2,3141.81775841
2021-04-18,60085.2,60403.2,51017.1,56239.8,12577.43028465
2021-04-19,56227.5,57594.7,54228.9,55720.0,6649.98616777
2021-04-20,55720.0,57110.4,53388.3,56500.0,7804.23191944
2021-04-21,56500.0,56805.5,53600.0,53815.2,4788.01353242
2021-04-22,53815.3,55459.4,50500.0,51730.0,10144.20407375
2021-04-23,51709.3,52124.4,47549.3,51178.7,11159.24338019
2021-04-24,51178.6,51200.0,48746.4,50093.4,4039.45909297
2021-04-25,50085.7,50580.4,47000.0,49106.5,5239.28585713
2021-04-26,49112.6,54419.5,48828.6,54051.9,6729.25517904
2021-04-27,54056.1,55500.0,53333.4,55078.7,3213.82542637
2021-04-28,55077.4,56500.0,53868.4,54899.3,3685.52056920
2021-04-29,54886.1,55246.3,52390.2,53579.6,4529.59420547
2021-04-30,53579.7,57987.8,53071.6,57780.0,4816.82419072
2021-05-01,57780.3,58525.5,57070.0,57859.2,2688.03364761
2021-05-02,57859.0,57959.5,56101.0,56618.5,2371.70518092
2021-05-03,56618.6,58981.4,56505.0,57193.5,3958.84291602
2021-05-04,57193.4,57214.4,53100.1,53239.4,6120.36675335
2021-05-05,53201.1,57999.8,53000.0,57497.1,5052.97311887
2021-05-06,57494.2,58420.2,55309.0,56421.1,3815.85290653
2021-05-07,56421.0,58700.0,55320.0,57383.0,4492.81138726
2021-05-08,57388.0,59521.4,57000.0,58953.8,4318.90529825
2021-05-09,58951.5,59264.0,56326.0,58293.1,4279.90854407
2021-05-10,58320.5,59598.8,53470.0,55888.1,6706.45928355
2021-05-11,55887.6,56949.9,54538.5,56747.5,3816.34383723
2021-05-12,56754.7,57983.6,48605.0,49502.7,8462.39814196
2021-05-13,49502.7,51412.4,45000.0,49675.2,13358.33626392
2021-05-14,49675.2,51540.0,48886.0,49899.0,5361.72008045
2021-05-15,49899.0,50827.3,46600.0,46771.1,5671.80945969
2021-05-16,46761.0,49828.8,43824.3,46482.4,8209.37403157
2021-05-17,46474.7,46648.5,42111.2,43551.8,11237.71585193
2021-05-18,43551.9,45823.4,42297.9,42895.2,7804.85576005
2021-05-19,42898.4,43562.0,29800.0,36742.3,32688.27140168
2021-05-20,36765.2,42559.8,35000.0,40614.6,14149.30379285
2021-05-21,40609.6,42270.6,33533.9,37331.7,17022.80288175
2021-05-22,37329.1,38841.7,35250.2,37468.3,9118.92396811
2021-05-23,37474.8,38269.7,31078.7,34718.8,14832.73851506
2021-05-24,34718.8,39989.9,34420.8,38833.8,11058.70760062
2021-05-25,38843.0,39841.8,36500.0,38388.1,9236.12557708
2021-05-26,38373.3,40893.6,37828.7,39283.9,9233.56525686
2021-05-27,39290.0,40398.0,37230.0,38516.4,5898.00656650
2021-05-28,38537.1,38872.0,34719.0,35683.9,9065.66347417
2021-05-29,35683.8,37300.0,33652.8,34616.6,5845.40830971
2021-05-30,34631.9,36491.0,33423.2,35673.8,4455.06304471
2021-05-31,35667.9,37512.8,34200.0,37303.8,6224.60594186
2021-06-01,37273.1,37934.3,35748.0,36676.3,5703.03293535
2021-06-02,36676.4,38209.2,35929.2,37565.3,6307.97937977
2021-06-03,37565.3,39471.0,37159.1,39196.6,5230.07628658
2021-06-04,39212.3,39249.8,35576.7,36847.7,4991.51744280
2021-06-05,36857.6,37935.8,34825.9,35534.6,5532.75325986
2021-06-06,35532.2,36479.5,35251.1,35789.0,3187.54640121
2021-06-07,35783.2,36796.3,33334.3,33587.6,6165.92045486
2021-06-08,33578.6,34059.4,31017.4,33420.0,10548.32694320
2021-06-09,33409.7,37500.0,32420.4,37396.4,9357.47210920
2021-06-10,37398.9,38399.0,35803.7,36678.4,7733.10059300
2021-06-11,36684.5,37654.3,35952.7,37322.2,5218.29683239
2021-06-12,37322.2,37449.5,34680.0,35544.9,5765.37416875
2021-06-13,35544.9,35920.9,34801.0,35052.1,870.63874772
